{"total_score": 390.3418386674493, "total_samples": 400, "sample_scores": [0.8823529411764706, 1.0, 1.0, 1.0, 1.0, 1.0, 0.9875776397515528, 0.9032258064516129, 0.9411764705882353, 1.0, 1.0, 0.9970326409495549, 0.9899497487437185, 0.971830985915493, 0.9937106918238994, 0.8823529411764706, 1.0, 0.9899497487437185, 0.9994051160023796, 0.9847328244274809, 0.9032258064516129, 0.9577464788732395, 0.9944903581267217, 0.9933184855233853, 0.9849246231155779, 1.0, 0.8235294117647058, 0.9859154929577465, 1.0, 0.9949748743718593, 0.9433962264150944, 1.0, 0.9032258064516129, 0.9937888198757764, 0.9988882712618121, 0.9933184855233853, 1.0, 0.8823529411764706, 1.0, 1.0, 0.996594778660613, 0.9411764705882353, 0.9487179487179487, 0.9967051070840197, 0.9976133651551312, 1.0, 0.9865771812080537, 0.9849246231155779, 1.0, 0.9949748743718593, 0.9895470383275261, 0.993006993006993, 0.8823529411764706, 1.0, 0.9487179487179487, 1.0, 1.0, 0.9801980198019802, 0.9937888198757764, 0.9411764705882353, 0.9895287958115183, 0.998745294855709, 0.9849246231155779, 0.9565217391304348, 0.9899497487437185, 0.8823529411764706, 0.9577464788732395, 0.9930313588850174, 0.9949748743718593, 0.9896907216494846, 0.9899497487437185, 1.0, 0.9948006932409013, 1.0, 0.9032258064516129, 0.9927710843373494, 0.9869281045751634, 0.9957081545064378, 1.0, 0.9811320754716981, 0.9411764705882353, 0.9032258064516129, 0.9899665551839465, 0.9930313588850174, 1.0, 1.0, 0.8695652173913043, 0.9859154929577465, 1.0, 1.0, 1.0, 0.9696969696969697, 1.0, 1.0, 1.0, 0.995850622406639, 0.971830985915493, 1.0, 0.9910979228486647, 1.0, 1.0, 0.9908256880733946, 0.9970326409495549, 0.9875776397515528, 0.9875776397515528, 0.9428571428571428, 0.9962453066332916, 0.9763779527559056, 1.0, 0.968421052631579, 0.9949748743718593, 0.9620253164556962, 0.9985174203113417, 0.9971509971509972, 0.998810232004759, 0.9949748743718593, 1.0, 0.9798657718120806, 0.9895470383275261, 1.0, 0.9577464788732395, 0.9941291585127201, 0.9591836734693877, 0.9875518672199171, 0.9949748743718593, 0.9994441356309061, 0.9895470383275261, 0.9655172413793104, 0.8823529411764706, 1.0, 0.9795918367346939, 0.968421052631579, 1.0, 1.0, 1.0, 0.9875518672199171, 0.9387755102040817, 1.0, 1.0, 0.9974424552429667, 0.9930313588850174, 0.9859154929577465, 1.0, 1.0, 0.8823529411764706, 0.9411764705882353, 0.9975429975429976, 1.0, 0.9923273657289002, 0.8823529411764706, 1.0, 0.994475138121547, 1.0, 0.9942857142857143, 1.0, 0.896551724137931, 0.9977728285077951, 1.0, 0.9811320754716981, 0.9987484355444305, 0.9702970297029703, 0.9966555183946488, 1.0, 0.986013986013986, 0.991044776119403, 0.9310344827586207, 0.9411764705882353, 0.9949748743718593, 0.8823529411764706, 0.9970326409495549, 1.0, 0.9899497487437185, 0.9953488372093023, 0.9979317476732161, 0.9903536977491961, 1.0, 1.0, 0.935483870967742, 0.9908675799086758, 1.0, 0.8235294117647058, 0.9591836734693877, 1.0, 0.9957805907172996, 0.9970717423133235, 1.0, 0.9930313588850174, 0.9875518672199171, 0.9974968710888611, 0.9813664596273292, 1.0, 0.9949238578680203, 0.9965156794425087, 0.9875776397515528, 0.9591836734693877, 0.9849246231155779, 1.0, 0.971830985915493, 0.998262380538662, 0.9899497487437185, 1.0, 0.9428571428571428, 0.9411764705882353, 0.9949748743718593, 0.9949748743718593, 1.0, 0.9565217391304348, 0.7142857142857143, 0.9977220956719818, 1.0, 0.8235294117647058, 0.984251968503937, 0.9875776397515528, 0.9955456570155902, 1.0, 0.9895470383275261, 0.9899497487437185, 1.0, 1.0, 0.9988649262202043, 0.9979123173277662, 0.9983987189751802, 0.7142857142857143, 0.9937888198757764, 0.9948006932409013, 0.896551724137931, 0.9949748743718593, 0.8823529411764706, 0.9908675799086758, 1.0, 0.9937888198757764, 0.9813084112149533, 0.9875776397515528, 0.9875776397515528, 0.9411764705882353, 0.971830985915493, 0.9908256880733946, 0.9977298524404086, 0.9983136593591906, 0.9949748743718593, 0.9930313588850174, 0.9937888198757764, 0.9411764705882353, 0.9953632148377125, 0.9577464788732395, 1.0, 1.0, 0.9949748743718593, 0.9960238568588469, 0.989247311827957, 0.9899497487437185, 1.0, 0.5714285714285714, 0.9957894736842106, 0.9747899159663865, 1.0, 0.9934640522875817, 1.0, 0.8235294117647058, 0.9949748743718593, 1.0, 1.0, 0.8823529411764706, 0.9974968710888611, 0.9787234042553191, 1.0, 0.9873417721518988, 1.0, 1.0, 0.9411764705882353, 0.9976047904191617, 0.9411764705882353, 0.9032258064516129, 1.0, 1.0, 0.9949748743718593, 0.9930313588850174, 0.994413407821229, 0.8235294117647058, 0.9874476987447699, 1.0, 0.9032258064516129, 0.9565217391304348, 0.9933184855233853, 0.9947643979057592, 0.9968992248062015, 1.0, 0.9986273164035689, 0.935483870967742, 0.9787234042553191, 0.9888268156424581, 0.9387755102040817, 1.0, 0.9937888198757764, 0.9960861056751468, 0.9759036144578314, 0.9930313588850174, 0.976, 0.9899497487437185, 0.9899497487437185, 1.0, 0.9965156794425087, 0.9972451790633609, 0.9142857142857143, 0.8235294117647058, 0.9896907216494846, 0.9875776397515528, 0.9690721649484536, 0.9899497487437185, 1.0, 1.0, 0.9387755102040817, 0.9962453066332916, 0.9849246231155779, 0.9411764705882353, 0.9967266775777414, 0.9411764705882353, 0.9903536977491961, 0.7777777777777778, 0.9491525423728814, 1.0, 0.9937888198757764, 0.9875518672199171, 1.0, 0.967741935483871, 0.9941291585127201, 0.9949748743718593, 1.0, 0.9885714285714285, 0.9411764705882353, 1.0, 0.9983633387888707, 0.984251968503937, 0.9987484355444305, 0.967741935483871, 0.8823529411764706, 0.9941060903732809, 0.9940652818991098, 0.9949748743718593, 0.999259807549963, 0.9949748743718593, 0.9977728285077951, 0.9981834695731153, 1.0, 1.0, 0.9932885906040269, 1.0, 0.9936842105263158, 0.9947826086956522, 0.9831932773109243, 0.8695652173913043, 1.0, 0.9690721649484536, 0.971830985915493, 0.9980430528375734, 0.9980119284294234, 1.0, 0.996594778660613, 0.9960238568588469, 0.7142857142857143, 1.0, 0.9899497487437185, 1.0, 0.9899497487437185, 1.0, 1.0, 0.9933184855233853, 0.9983324068927182, 0.9813664596273292, 1.0, 0.9930313588850174, 0.9949748743718593, 0.9955456570155902, 1.0, 0.9949748743718593, 0.9967069154774972, 1.0, 0.9962453066332916, 1.0, 0.9538461538461538, 0.9930313588850174, 0.8823529411764706, 0.9953632148377125, 0.9849246231155779, 1.0, 1.0, 0.9955456570155902, 0.9991220368744512, 0.979381443298969, 0.9849246231155779, 0.9899497487437185, 0.9974968710888611, 1.0, 0.9899497487437185, 0.9899497487437185, 0.9565217391304348, 0.9142857142857143, 0.8823529411764706, 0.9948849104859335, 0.9926289926289926], "metric": "<function eval_lev at 0x7fe0da29f940>", "data_source": "ARC_train_docs.json"}